last_update,station,city,state,latitude,longitude,aqi,pm25,pm10,no2,so2,co,o3,nh3,timestamp
2026-09-01 23:00:00,"GVM Corporation, Visakhapatnam - APPCB",Visakhapatnam,Andhra Pradesh,17.72,83.3,104,56.75,114.85,58.96,15.26,,22.5,3.89,2026-09-02 00:27:47
2026-09-01 23:00:00,"Sector-18, Panipat - HSPCB",Panipat,Haryana,29.432304,76.972765,367,29.8,102.26,7.18,45.35,24.68,38.32,9.72,2026-09-02 00:27:52
2026-09-01 23:00:00,"Velachery Res. Area, Chennai - CPCB",Chennai,Tamil Nadu,13.0052189,80.2398125,101,50.28,103.06,12.09,4.98,,10.62,2.78,2026-09-02 00:27:57
2026-09-01 23:00:00,"Narela, Delhi - DPCC",Delhi,Delhi,28.822836,77.101981,500,60.05,100.98,23.54,8.14,60.7,17.27,8.03,2026-09-02 00:28:02
2026-09-01 23:00:00,"HB Colony, Vijayawada - APPCB",Vijayawada,Andhra Pradesh,16.536107,80.594233,423,47.41,53.33,22.12,9.97,38.07,19.26,4.39,2026-09-02 00:28:07
2026-09-01 23:00:00,"Panchawati_Pashan, Pune - IITM",Pune,Maharashtra,18.536457,73.805454,416,27.56,50.35,7.26,,34.09,10.07,,2026-09-02 00:28:12
2026-09-01 23:00:00,"Kharahiya Basti, Araria - BSPCB",Araria,Bihar,26.146529,87.454184,364,21.97,26.17,15.33,21.33,33.27,41.27,4.26,2026-09-02 00:28:17
2026-09-01 23:00:00,"Bhatagaon New ISBT, Raipur - CECB",Raipur,Chhattisgarh,21.219665,81.630094,445,15.02,43.77,11.81,3.02,38.46,3.12,1.86,2026-09-02 00:28:22
2026-09-01 23:00:00,"Moti Doongri, Alwar - RSPCB",Alwar,Rajasthan,27.554793,76.611536,482,72.76,114.89,74.29,25.65,89.14,43.06,10.66,2026-09-02 00:28:27
2026-09-01 23:00:00,"NSI Kalyanpur, Kanpur - UPPCB",Kanpur,Uttar Pradesh,26.509954,80.249612,229,31.66,44.04,31.89,22.48,13.06,21.5,2.2,2026-09-02 09:45:36
2026-09-01 23:00:00,"Sector-2E Kalamboli, Navi Mumbai - MPCB",Navi Mumbai,Maharashtra,19.02579,73.10297,306,25.36,37.73,5.88,5.45,19.3,18.64,7.51,2026-09-02 09:45:41
2026-09-01 23:00:00,"Old MIDC, Jalna - MPCB",Jalna,Maharashtra,19.854616,75.905894,342,41.49,93.07,20.97,1.81,22.33,26.17,3.96,2026-09-02 09:45:46
2026-09-01 23:00:00,"Ratandeep Housing Society, Solapur - MPCB",Solapur,Maharashtra,17.65439,75.90649,351,31.5,32.25,15.36,2.2,22.67,25.24,3.1,2026-09-02 09:45:51
2026-09-01 23:00:00,"Victoria, Kolkata - WBPCB",Kolkata,West Bengal,22.5448082,88.3403691,447,151.26,,32.69,4.11,43.99,26.4,6.56,2026-09-02 09:45:56
2026-09-01 23:00:00,"Narela, Delhi - DPCC",Delhi,Delhi,28.822836,77.101981,496,53.79,102.87,23.28,8.79,58.6,17.9,7.35,2026-09-02 09:46:01
2026-09-01 23:00:00,"Mahashweta Nagar, Ujjain - MPPCB",Ujjain,Madhya Pradesh,23.1633321,75.800225,500,42.86,52.81,13.09,6.46,71.85,57.94,10.43,2026-09-02 09:49:45
2026-09-01 23:00:00,"Deen Dayal Nagar, Gwalior - MPPCB",Gwalior,Madhya Pradesh,26.259242,78.216432,496,29.8,90.67,52.25,12.5,79.67,19.83,4.69,2026-09-02 09:49:51
2026-09-01 23:00:00,"Semmandalam, Cuddalore - TNPCB",Cuddalore,Tamil Nadu,11.7637683,79.7499835,71,,73.76,,,,1.86,6.33,2026-09-02 09:49:56
2026-09-01 23:00:00,"Rohini, Delhi - DPCC",Delhi,Delhi,28.732528,77.11992,452,80.63,140.91,3.24,9.73,47.19,16.64,3.65,2026-09-02 09:50:01
2026-09-01 23:00:00,"Ibrahimpur, Vijayapura - KSPCB",Vijayapura,Karnataka,16.802639,75.722694,356,26.02,40.93,9.99,2.84,26.44,17.43,3.88,2026-09-02 09:50:06
2026-09-01 23:00:00,"Doon University, Dehradun - UKPCB",Dehradun,Uttarakhand,30.269444,78.044167,228,44.58,52.39,2.13,0.95,12.62,9.16,,2026-09-02 09:50:11
2026-09-01 23:00:00,"Gangapur Road, Nashik - MPCB",Nashik,Maharashtra,20.0073285,73.7762427,358,12.09,25.27,5.49,4.1,26.55,10.4,3.0,2026-09-02 09:50:16
2026-09-01 23:00:00,"Transport Nagar, Moradabad - UPPCB",Moradabad,Uttar Pradesh,28.802625,78.753728,495,52.4,77.23,24.96,20.47,59.28,4.88,5.33,2026-09-02 09:50:21
2026-09-01 23:00:00,"Okhla Phase-2, Delhi - DPCC",Delhi,Delhi,28.530785,77.271255,495,44.02,105.44,28.58,8.39,57.98,24.41,6.4,2026-09-02 09:50:26
2026-09-01 23:00:00,"Shivneri Colony, Amravati - MPCB",Amravati,Maharashtra,20.9402359,77.7895248,319,26.61,36.39,6.55,4.03,22.74,12.99,2.02,2026-09-02 09:50:32
2026-09-01 23:00:00,"Hebbal 1st Stage, Mysuru - KSPCB",Mysuru,Karnataka,12.21041,76.37376,350,19.78,50.99,20.84,3.67,24.35,54.87,4.39,2026-09-02 09:50:37
2026-09-01 23:00:00,"Rama Rao Peta, Kakinada - APPCB",Kakinada,Andhra Pradesh,16.962488,82.229513,302,26.67,50.0,46.61,12.75,17.27,26.05,4.22,2026-09-02 09:50:42
2026-09-01 23:00:00,"Deen Dayal Nagar, Gwalior - MPPCB",Gwalior,Madhya Pradesh,26.259242,78.216432,500,29.28,99.35,45.08,11.18,68.43,19.96,4.91,2026-09-02 09:50:47
2026-09-01 23:00:00,"Adarsh Nagar, Jaipur - RSPCB",Jaipur,Rajasthan,26.902909,75.836858,357,49.93,88.92,14.16,24.25,26.45,34.29,3.8,2026-09-02 09:50:52
2026-09-01 23:00:00,"North Campus, DU, Delhi - IITM",Delhi,Delhi,28.6573814,77.1585447,497,48.28,110.91,93.04,,71.56,76.99,,2026-09-02 09:50:57
2026-09-01 23:00:00,"Savitribai Phule Pune University, Pune - MPCB",Pune,Maharashtra,18.547056,73.826908,383,17.31,29.7,28.18,4.29,30.86,16.62,2.77,2026-09-02 09:51:03
2026-09-01 23:00:00,"Anand Vihar, Hapur - UPPCB",Hapur,Uttar Pradesh,28.725645,77.749675,421,87.04,88.01,7.41,14.86,36.44,15.5,10.29,2026-09-02 09:51:08
2026-09-01 23:00:00,"Sadanand Nagar, Mehsana - Nexteng Enviro",Mehsana,Gujarat,23.59315,72.372792,447,26.63,49.66,3.82,13.61,37.91,9.56,0.0,2026-09-02 09:51:13
2026-09-01 23:00:00,"AIIMS, Raipur - CECB",Raipur,Chhattisgarh,21.258815,81.578979,316,25.31,43.33,0.99,4.21,18.8,,2.19,2026-09-02 09:51:18
2026-09-01 23:00:00,"AIIMS, Raipur - CECB",Raipur,Chhattisgarh,21.258815,81.578979,315,25.82,47.01,0.99,4.35,17.73,,2.19,2026-09-02 09:51:23
2026-09-01 23:00:00,"Chauhan Colony, Chandrapur - MPCB",Chandrapur,Maharashtra,19.9629,79.298714,375,45.94,74.46,16.03,12.21,30.17,4.29,0.99,2026-09-02 09:51:28
2026-09-01 23:00:00,"Nawapara SECL Colony, Chhal - CECB",Chhal,Chhattisgarh,22.118125,83.140608,315,33.59,31.75,11.21,21.7,20.35,39.59,1.83,2026-09-02 09:51:33
2026-09-01 23:00:00,"Gole Bazar, Katni - MPPCB",Katni,Madhya Pradesh,23.50016,80.23284,408,35.87,58.0,12.54,23.87,35.1,15.4,2.06,2026-09-02 09:51:38
2026-09-01 23:00:00,"Ardhali Bazar, Varanasi - UPPCB",Varanasi,Uttar Pradesh,25.3505986,82.9083074,253,25.12,36.76,22.33,5.88,14.12,11.87,,2026-09-02 09:51:44
2026-09-01 23:00:00,"Mahashweta Nagar, Ujjain - MPPCB",Ujjain,Madhya Pradesh,23.1633321,75.800225,500,45.72,54.8,12.43,6.57,61.96,54.56,9.63,2026-09-02 09:51:49
2026-09-01 23:00:00,"Sector-D Industrial Area, Mandideep - MPPCB",Mandideep,Madhya Pradesh,23.10844,77.511428,340,60.66,93.0,16.1,5.2,21.64,24.65,3.77,2026-09-02 09:51:54
2026-09-01 23:00:00,"B R Ambedkar University, Lucknow - UPPCB",Lucknow,Uttar Pradesh,26.766433,80.927299,340,8.43,21.97,12.26,30.28,25.49,10.58,3.07,2026-09-02 09:51:59
2026-09-01 23:00:00,"Jayanagar 5th Block, Bengaluru - KSPCB",Bengaluru,Karnataka,12.920984,77.584908,297,27.8,39.81,13.63,3.19,17.11,30.58,0.0,2026-09-02 09:52:04
2026-09-01 23:00:00,"Hardev Nagar, Bathinda - PPCB",Bathinda,Punjab,30.233011,74.907758,323,37.18,60.59,29.33,14.73,23.1,,,2026-09-02 09:52:09
2026-09-01 23:00:00,"SAC ISRO Bopal, Ahmedabad - IITM",Ahmedabad,Gujarat,23.041137,72.456691,351,33.28,39.13,16.66,3.27,25.3,18.05,4.11,2026-09-02 09:52:14
2026-09-01 23:00:00,"Chauhan Colony, Chandrapur - MPCB",Chandrapur,Maharashtra,19.9629,79.298714,374,45.93,65.77,14.99,11.96,31.68,3.79,1.09,2026-09-02 09:52:19
2026-09-01 23:00:00,"IIT Delhi, Delhi - IITM",Delhi,Delhi,28.54246,77.191651,254,46.82,130.57,22.09,,12.75,36.02,,2026-09-02 09:52:24
2026-09-01 23:00:00,"KHB Colony, Karwar - KSPCB",Karwar,Karnataka,14.816666,74.141003,101,59.34,38.38,13.05,,,,1.97,2026-09-02 09:52:29
2026-09-01 23:00:00,"Prashant Garden, Khora - UPPCB",Khora,Uttar Pradesh,28.61119,77.34206,444,87.24,83.45,23.69,,42.34,13.55,4.81,2026-09-02 09:52:34
2026-09-01 23:00:00,"Model Town, Patiala - PPCB",Patiala,Punjab,30.349388,76.366642,313,28.9,50.84,15.79,18.23,18.37,30.99,5.87,2026-09-02 09:52:39
2026-09-01 23:00:00,"Mahal, Nagpur - MPCB",Nagpur,Maharashtra,21.14472,79.107595,464,35.07,44.8,12.92,5.55,46.41,15.18,2.71,2026-09-02 09:52:44
2026-09-01 23:00:00,"Maldahiya, Varanasi - UPPCB",Varanasi,Uttar Pradesh,25.32393,82.99687,342,20.28,33.33,2.83,30.25,24.67,3.86,0.0,2026-09-02 09:52:49
2026-09-01 23:00:00,"Sita Rama Nagar, Kurnool - APPCB",Kurnool,Andhra Pradesh,15.83411,78.028546,301,38.1,35.87,32.76,10.33,19.26,22.26,6.53,2026-09-02 09:52:54
2026-09-01 23:00:00,"Anand Nagar, Raebareli - UPPCB",Raebareli,Uttar Pradesh,26.219512,81.237648,499,34.22,76.61,13.19,13.97,81.19,66.52,,2026-09-02 09:52:59
2026-09-01 23:00:00,"Thavakkara, Kannur - Kerala PCB",Kannur,Kerala,11.875,75.3732,313,74.38,77.19,10.43,0.0,20.87,28.96,1.09,2026-09-02 09:53:05
2026-09-01 23:00:00,"Burari Crossing, Delhi - IITM",Delhi,Delhi,28.7256504,77.2011573,495,46.51,92.75,43.75,,108.2,73.85,,2026-09-02 09:53:10
2026-09-01 23:00:00,"Ghusuri, Howrah - WBPCB",Howrah,West Bengal,22.611968,88.347422,364,42.03,47.42,47.62,9.74,27.99,21.35,2.92,2026-09-02 09:53:15
2026-09-01 23:00:00,"Khindipada-Bhandup West, Mumbai - IITM",Mumbai,Maharashtra,19.1653323,72.922099,419,9.8,33.03,11.37,7.14,33.97,7.48,1.94,2026-09-02 09:53:20
2026-09-01 23:00:00,"Murthal, Sonipat - HSPCB",Sonipat,Haryana,29.0272,77.0621,500,32.7,56.13,7.65,37.73,72.16,45.37,9.45,2026-09-02 09:53:25
2026-09-01 23:00:00,"Gangapur Road, Nashik - MPCB",Nashik,Maharashtra,20.0073285,73.7762427,355,13.5,23.85,4.54,3.83,29.15,10.59,2.73,2026-09-02 09:53:30
2026-09-01 23:00:00,"Royapuram, Chennai - TNPCB",Chennai,Tamil Nadu,13.1036,80.2909,496,42.6,63.24,12.65,4.79,48.3,29.17,3.9,2026-09-02 09:53:35
2026-09-01 23:00:00,"Ambazari, Nagpur - MPCB",Nagpur,Maharashtra,21.121801,79.04952,334,33.23,46.86,10.39,5.83,22.26,14.12,2.76,2026-09-02 09:53:40
2026-09-01 23:00:00,"Thergaon, Pimpri Chinchwad - MPCB",Pimpri-Chinchwad,Maharashtra,18.616318,73.765797,365,16.81,58.71,6.9,1.81,27.88,16.3,3.99,2026-09-02 09:53:45
2026-09-01 23:00:00,"AIIMS, Raipur - CECB",Raipur,Chhattisgarh,21.258815,81.578979,312,25.09,48.08,1.01,4.0,19.39,,1.86,2026-09-02 09:53:50
2026-09-01 23:00:00,"Rishi Nagar, Kaithal - HSPCB",Kaithal,Haryana,29.8006,76.4155,317,2026-09-02T10:16:08.299546,107.52,115.51,23.72,28.15,18.13,14.82,5.2
2026-09-01 23:00:00,"Hebbal 1st Stage, Mysuru - KSPCB",Mysuru,Karnataka,12.21041,76.37376,351,2026-09-02T10:16:13.601365,18.62,49.77,19.81,3.96,25.66,56.87,4.06
2026-09-01 23:00:00,"LGBI Airport, Guwahati - PCBA",Guwahati,Assam,26.10887,91.589544,404,2026-09-02T10:16:18.763914,77.98,53.96,22.95,9.93,33.66,13.68,6.19
2026-09-01 23:00:00,"Jahangirpuri, Delhi - DPCC",Delhi,Delhi,28.73282,77.170633,500,2026-09-02T10:16:23.895226,46.46,105.68,21.85,16.48,101.11,19.32,11.89
2026-09-01 23:00:00,"Kasarvadavali, Thane - MPCB",Thane,Maharashtra,19.26777,72.97182,474,2026-09-02T10:16:29.032909,29.78,43.26,43.37,6.45,0.0
2026-09-01 23:00:00,"Bawana, Delhi - DPCC",Delhi,Delhi,28.7762,77.051074,498,2026-09-02T10:16:34.192253,58.04,102.88,7.38,9.15,55.17,17.02,6.45
2026-09-01 23:00:00,"Dnyaneshwar Nagar, Solapur - MPCB",Solapur,Maharashtra,17.633626,75.91325,221,2026-09-02T10:16:39.360486,17.02,33.33,7.83,0.97,12.57,16.67,6.5
2026-09-01 23:00:00,"Talkatora Garden, Delhi - DPCC",Delhi,Delhi,28.62181,77.194463,475,2026-09-02T10:16:44.499512,48.8,73.89,26.4,1.0,43.1,15.35,1.07
2026-09-01 23:00:00,"MD University, Rohtak - HSPCB",Rohtak,Haryana,28.52123,76.37138,429,2026-09-02T10:16:49.639100,63.3,77.43,9.97,9.94,40.15,24.1
2026-09-01 23:00:00,"Ashta Vinayak Nagar, Hingoli - MPCB",Hingoli,Maharashtra,19.710842,77.151824,324,2026-09-02T10:16:54.768866,22.33,51.32,7.27,4.61,17.86,11.65,2.15
2026-09-01 23:00:00,"Dhanmandi, Kota - RSPCB",Kota,Rajasthan,25.16409,75.858137,314,2026-09-02T10:16:59.891608,22.73,55.24,21.13,9.45,17.03,40.08,1.09
2026-09-01 23:00:00,"Okhla Phase-2, Delhi - DPCC",Delhi,Delhi,28.530785,77.271255,497,2026-09-02T10:17:05.017270,47.12,114.25,28.84,9.1,56.19,23.92,6.02
2026-09-01 23:00:00,"Ratandeep Housing Society, Solapur - MPCB",Solapur,Maharashtra,17.65439,75.90649,361,2026-09-02T10:17:10.157406,33.91,37.12,16.83,1.85,23.64,23.75,2.96
2026-09-01 23:00:00,"Rama Rao Peta, Kakinada - APPCB",Kakinada,Andhra Pradesh,16.962488,82.229513,294,2026-09-02T10:17:15.279062,24.82,41.42,50.01,13.42,17.56,25.04,4.19
2026-09-01 23:00:00,"Airport Area, Indore - IMC",Indore,Madhya Pradesh,22.7289,75.8076,411,2026-09-02T10:17:20.412386,45.3,61.03,22.96,9.02,41.76,7.47,0.0
2026-09-01 23:00:00,"Hardev Nagar, Bathinda - PPCB",Bathinda,Punjab,30.233011,74.907758,310,2026-09-02T10:17:25.661279,40.61,60.3,29.73,14.69,22.56
2026-09-01 23:00:00,"Nehru Nagar, Kanpur - UPPCB",Kanpur,Uttar Pradesh,26.470314,80.322986,475,2026-09-02T10:17:30.786619,24.1,20.94,49.23,10.79,44.82,7.52
2026-09-01 23:00:00,"HIMUDA Complex Phase-1, Baddi - HPPCB",Baddi,Himachal Pradesh,30.943887,76.801991,500,2026-09-02T10:17:35.919746,95.54,148.07,10.23,7.03,101.77,36.37,3.64
2026-09-01 23:00:00,"Pimpleshwar Mandir, Kalyan - MPCB",Kalyan,Maharashtra,19.192056,72.958519,497,2026-09-02T10:17:41.039099,30.71,43.63,15.19,13.25,54.44,17.8,1.01
